Club,Games Played,Win,Draw,Lose,Goals For,Goals Against,Goals Difference,Points
Arsenal,0,0,0,0,0,0,0,0
Aston Villa,0,0,0,0,0,0,0,0
Atalanta,0,0,0,0,0,0,0,0
Atlético Madrid,0,0,0,0,0,0,0,0
Barcelona,0,0,0,0,0,0,0,0
Bayer Leverkusen,0,0,0,0,0,0,0,0
Benfica,0,0,0,0,0,0,0,0
Bologna,0,0,0,0,0,0,0,0
Borussia Dortmund,0,0,0,0,0,0,0,0
Brest,0,0,0,0,0,0,0,0
Celtic,0,0,0,0,0,0,0,0
Club Brugge,0,0,0,0,0,0,0,0
Red Star Belgrade,0,0,0,0,0,0,0,0
Dinamo Zagreb,0,0,0,0,0,0,0,0
Bayern Munich,0,0,0,0,0,0,0,0
RB Salzburg,0,0,0,0,0,0,0,0
Feyenoord Rotterdam,0,0,0,0,0,0,0,0
Girona,0,0,0,0,0,0,0,0
Internazionale,0,0,0,0,0,0,0,0
Juventus,0,0,0,0,0,0,0,0
Lille,0,0,0,0,0,0,0,0
Liverpool,0,0,0,0,0,0,0,0
Manchester City,0,0,0,0,0,0,0,0
AC Milan,0,0,0,0,0,0,0,0
AS Monaco,0,0,0,0,0,0,0,0
PSV Eindhoven,0,0,0,0,0,0,0,0
Paris Saint-Germain,0,0,0,0,0,0,0,0
RB Leipzig,0,0,0,0,0,0,0,0
Real Madrid,0,0,0,0,0,0,0,0
SK Sturm Graz,0,0,0,0,0,0,0,0
Slovan Bratislava,0,0,0,0,0,0,0,0
Shakhtar Donetsk,0,0,0,0,0,0,0,0
Sparta Prague,0,0,0,0,0,0,0,0
Sporting CP,0,0,0,0,0,0,0,0
VfB Stuttgart,0,0,0,0,0,0,0,0
Young Boys,0,0,0,0,0,0,0,0
